Id1,Iq1,Id3,Iq3,psi_d1,psi_q1,psi_d3,psi_q3,T_fem,P_core
40,0,-40,-20,7.89065800e-02,-8.04592920e-04,-8.14158340e-03,-4.33732180e-03,0.062106,395.0816
40,0,-40,0,7.92645460e-02,-1.03418640e-07,-8.18590570e-03,2.78425450e-06,-0.001309,374.6697
40,0,-40,20,7.89010700e-02,8.10029610e-04,-8.14213730e-03,4.33652950e-03,-0.041020,396.3876
40,0,-20,-40,7.98999290e-02,-1.63666800e-03,-3.83271340e-03,-8.73656810e-03,-0.158302,420.5906
40,0,-20,-20,8.09890200e-02,-7.77423830e-04,-3.94548180e-03,-4.42354730e-03,-0.223528,358.7475
40,0,-20,0,8.13169610e-02,6.70107230e-06,-3.98906550e-03,-1.30092480e-06,0.004345,336.3177
40,0,-20,20,8.09836400e-02,7.85517030e-04,-3.94227590e-03,4.42333920e-03,0.239667,359.3212
40,0,-20,40,7.98954800e-02,1.65441440e-03,-3.83490840e-03,8.73192940e-03,0.194884,422.7565
40,0,0,-40,8.12582850e-02,-1.67842250e-03,5.40613540e-04,-8.83416320e-03,-0.169542,415.3302
40,0,0,-20,8.22630670e-02,-7.62441420e-04,4.82414360e-04,-4.50020150e-03,-0.183136,351.4556
40,0,0,0,8.25219400e-02,1.06349530e-05,4.25957250e-04,-1.46986390e-06,0.042003,326.3758
40,0,0,20,8.22587280e-02,7.78021540e-04,4.83506730e-04,4.49828510e-03,0.234475,354.6847
40,0,0,40,8.12532620e-02,1.69666560e-03,5.40856760e-04,8.82921580e-03,0.259599,420.0837
40,0,20,-40,8.18597880e-02,-1.77979370e-03,5.01367690e-03,-8.84570770e-03,0.021311,452.3917
40,0,20,-20,8.28042280e-02,-7.01505990e-04,5.02269260e-03,-4.54756930e-03,0.080386,386.9589
40,0,20,0,8.30003470e-02,6.09299330e-06,4.99085970e-03,-5.80264030e-07,0.046652,354.9243
40,0,20,20,8.27913350e-02,7.21371510e-04,5.02935430e-03,4.54280010e-03,0.043199,390.2021
40,0,20,40,8.18584580e-02,1.80475140e-03,5.01087370e-03,8.83999570e-03,0.087935,455.2850
40,0,40,-20,8.26490830e-02,-7.98754280e-04,9.56511610e-03,-4.50385300e-03,0.226762,467.8766
40,0,40,0,8.28577660e-02,1.71961740e-05,9.65209190e-03,-2.81694610e-06,0.057803,444.7034
40,0,40,20,8.26448140e-02,8.26285620e-04,9.56546200e-03,4.50186700e-03,-0.112437,471.0262
40,40,-40,-20,7.96503680e-02,1.69417810e-02,-7.92478680e-03,-1.86832600e-03,20.796692,387.4810
40,40,-40,0,7.99541080e-02,1.64680570e-02,-7.54149440e-03,1.83115410e-03,20.488380,390.5218
40,40,-40,20,8.01984380e-02,1.65276760e-02,-6.86681570e-03,5.54694530e-03,20.757242,418.9766
40,40,-20,-40,8.07476500e-02,1.70758640e-02,-4.36393260e-03,-6.20162980e-03,20.677859,384.8465
40,40,-20,-20,8.14075800e-02,1.64914650e-02,-4.07781140e-03,-2.44715100e-03,20.460458,350.7136
40,40,-20,0,8.15057560e-02,1.60159400e-02,-3.69750730e-03,1.31968330e-03,20.480213,349.0968
40,40,-20,20,8.15158070e-02,1.59204730e-02,-3.09651080e-03,5.05983080e-03,20.906451,377.2099
40,40,-20,40,8.13789570e-02,1.62706770e-02,-2.33400330e-03,8.76555630e-03,21.938351,436.4614
40,40,0,-40,8.13111230e-02,1.62363030e-02,-6.79455070e-04,-6.97702710e-03,20.320859,384.7782
40,40,0,-20,8.21414620e-02,1.58466170e-02,-2.34750940e-04,-3.19047040e-03,20.208322,344.5091
40,40,0,0,8.23581280e-02,1.55725450e-02,2.70013490e-04,6.44118980e-04,20.417846,335.2424
40,40,0,20,8.23576910e-02,1.55042530e-02,8.76099560e-04,4.42675020e-03,21.060627,361.3752
40,40,0,40,8.21553870e-02,1.57688360e-02,1.57259790e-03,8.17600710e-03,22.162662,423.7853
40,40,20,-40,8.13241980e-02,1.56396280e-02,3.07062600e-03,-7.70446070e-03,20.207853,414.8550
40,40,20,-20,8.22813860e-02,1.53497410e-02,3.64750710e-03,-3.94663400e-03,20.200223,373.6618
40,40,20,0,8.26595910e-02,1.51701100e-02,4.24970140e-03,-1.12029640e-04,20.566308,358.0529
40,40,20,20,8.27133430e-02,1.51814310e-02,4.87176160e-03,3.71054860e-03,21.380027,378.9704
40,40,20,40,8.25014140e-02,1.54738720e-02,5.52485720e-03,7.50848720e-03,22.594658,446.3355
40,40,40,-20,8.19528000e-02,1.49814620e-02,7.51335560e-03,-4.66320600e-03,20.532258,435.8877
40,40,40,0,8.25277530e-02,1.48790760e-02,8.18868980e-03,-8.66982060e-04,21.082365,423.6031
40,40,40,20,8.26192640e-02,1.49523880e-02,8.81437410e-03,2.96903550e-03,22.019854,442.3376
40,80,-40,-20,8.41803390e-02,2.33482980e-02,-7.41298230e-03,-3.57828920e-04,46.668782,435.5091
40,80,-40,0,8.46391620e-02,2.28891310e-02,-6.62630830e-03,2.73180450e-03,46.471491,441.3304
40,80,-40,20,8.49371140e-02,2.27479030e-02,-5.65583070e-03,5.84845490e-03,47.120846,467.1483
40,80,-20,-40,8.54607940e-02,2.38528190e-02,-4.47943870e-03,-4.08726760e-03,46.839616,415.2656
40,80,-20,-20,8.56534770e-02,2.29940460e-02,-4.05009540e-03,-1.05327490e-03,46.335349,400.2341
40,80,-20,0,8.58247140e-02,2.24214890e-02,-3.33014640e-03,2.00605030e-03,46.177782,404.1030
40,80,-20,20,8.58645420e-02,2.21801000e-02,-2.42644900e-03,5.10991400e-03,46.699130,429.9946
40,80,-20,40,8.58097360e-02,2.22559660e-02,-1.38718800e-03,8.19674690e-03,48.084095,481.3029
40,80,0,-40,8.61570550e-02,2.33735530e-02,-1.21612610e-03,-5.04770760e-03,46.269403,412.8887
40,80,0,-20,8.64990850e-02,2.26335180e-02,-6.51118510e-04,-1.98815610e-03,45.955086,392.0817
40,80,0,0,8.65770360e-02,2.21095300e-02,7.86362020e-05,1.10890900e-03,45.976607,391.1939
40,80,0,20,8.65179600e-02,2.18485960e-02,9.77772970e-04,4.22028510e-03,46.553110,414.4450
40,80,0,40,8.63194910e-02,2.18669140e-02,1.95501540e-03,7.32723950e-03,47.879948,466.5738
40,80,20,-40,8.61640080e-02,2.30022350e-02,1.95597320e-03,-6.05211660e-03,46.071054,435.8093
40,80,20,-20,8.67037550e-02,2.23640970e-02,2.67845500e-03,-3.02039450e-03,45.883144,413.3624
40,80,20,0,8.68451010e-02,2.19086580e-02,3.47543810e-03,8.32142570e-05,46.082729,407.7968
40,80,20,20,8.67964120e-02,2.16833910e-02,4.39049010e-03,3.21632400e-03,46.801493,429.0251
40,80,20,40,8.65864170e-02,2.17043230e-02,5.35221740e-03,6.35541700e-03,48.167019,479.4966
40,80,40,-20,8.64113200e-02,2.22358640e-02,5.92695300e-03,-4.02310110e-03,46.235598,459.2583
40,80,40,0,8.66858760e-02,2.18310300e-02,6.80212290e-03,-9.55393680e-04,46.636642,455.6789
40,80,40,20,8.66727930e-02,2.16247490e-02,7.72109090e-03,2.16647490e-03,47.541051,478.1875
40,120,-40,-20,8.71500490e-02,2.67288320e-02,-6.71807730e-03,5.29940890e-04,74.146171,467.2381
40,120,-40,0,8.75108650e-02,2.63191110e-02,-5.81921070e-03,3.16700180e-03,73.995954,474.1454
40,120,-40,20,8.77222640e-02,2.61211620e-02,-4.80012720e-03,5.81579240e-03,74.582225,498.4298
40,120,-20,-40,8.81537890e-02,2.71296600e-02,-4.36813770e-03,-2.77448680e-03,74.305451,443.9073
40,120,-20,-20,8.83032210e-02,2.64450060e-02,-3.76106480e-03,-2.15588630e-04,73.564033,435.7591
40,120,-20,0,8.84240730e-02,2.59724330e-02,-2.93641730e-03,2.37595190e-03,73.333876,442.3254
40,120,-20,20,8.84474790e-02,2.57176580e-02,-1.96789620e-03,4.99089540e-03,73.807145,465.7810
40,120,-20,40,8.83676320e-02,2.56835310e-02,-9.10074210e-04,7.60126880e-03,75.088989,509.9706
40,120,0,-40,8.89830770e-02,2.68761790e-02,-1.38159750e-03,-3.71218780e-03,73.672835,439.6496
40,120,0,-20,8.90909360e-02,2.62218820e-02,-7.56971360e-04,-1.15272420e-03,73.092959,427.4842
40,120,0,0,8.90849380e-02,2.57601720e-02,3.15741780e-05,1.44141170e-03,72.956651,432.0287
40,120,0,20,8.89998050e-02,2.54986090e-02,9.70289310e-04,4.04949670e-03,73.443647,451.9517
40,120,0,40,8.88198290e-02,2.54384380e-02,1.99200300e-03,6.65758540e-03,74.721155,494.8255
40,120,20,-40,8.91810250e-02,2.66735900e-02,1.43659540e-03,-4.74450570e-03,73.408707,458.2605
40,120,20,-20,8.93940660e-02,2.60759290e-02,2.15549700e-03,-2.20287780e-03,72.977775,443.2213
40,120,20,0,8.93858120e-02,2.56533960e-02,2.96230320e-03,3.94525110e-04,73.005324,445.7253
40,120,20,20,8.92819330e-02,2.54173920e-02,3.90089610e-03,3.01350280e-03,73.599105,465.7242
40,120,20,40,8.90796410e-02,2.53598730e-02,4.91207050e-03,5.63298220e-03,74.906042,504.6972
40,120,40,-20,8.92856130e-02,2.60490540e-02,4.96213300e-03,-3.25142730e-03,73.373557,479.6234
40,120,40,0,8.93389520e-02,2.56575440e-02,5.81401310e-03,-6.78494070e-04,73.567517,481.7132
40,120,40,20,8.92319020e-02,2.54344250e-02,6.74257210e-03,1.93257640e-03,74.319591,504.1812
40,160,-40,-20,8.88450930e-02,2.95388300e-02,-6.09096460e-03,1.09811760e-03,101.892210,493.4253
40,160,-40,0,8.90929680e-02,2.92147660e-02,-5.18971310e-03,3.40099280e-03,101.634900,502.0471
40,160,-40,20,8.92265840e-02,2.90315630e-02,-4.20510640e-03,5.70384600e-03,102.048260,525.3499
40,160,-20,-40,8.96547780e-02,2.98472840e-02,-4.12933040e-03,-1.88510470e-03,101.917160,468.8193
40,160,-20,-20,8.97719200e-02,2.93429360e-02,-3.43737670e-03,3.48600010e-04,101.061940,465.0847
40,160,-20,0,8.98317030e-02,2.89822380e-02,-2.61072940e-03,2.60304130e-03,100.713000,473.0892
40,160,-20,20,8.98133920e-02,2.87668870e-02,-1.68605120e-03,4.87249070e-03,101.034750,495.4616
40,160,-20,40,8.97253740e-02,2.86966900e-02,-6.87068840e-04,7.14108960e-03,102.131650,534.3942
40,160,0,-40,9.04532140e-02,2.96959650e-02,-1.40836810e-03,-2.77161650e-03,101.264480,462.6318
40,160,0,-20,9.04545390e-02,2.92066730e-02,-7.59465740e-04,-5.40505130e-04,100.519450,457.8580
40,160,0,0,9.04179850e-02,2.88510150e-02,2.99032160e-05,1.70076530e-03,100.241970,464.4833
40,160,0,20,9.03138820e-02,2.86326880e-02,9.19631630e-04,3.95810500e-03,100.577020,482.8031
40,160,0,40,9.01409500e-02,2.85512530e-02,1.88060610e-03,6.22148970e-03,101.659780,520.0859
40,160,20,-40,9.07796980e-02,2.95833340e-02,1.15784760e-03,-3.75739070e-03,100.997720,477.3400
40,160,20,-20,9.07947080e-02,2.91265400e-02,1.83412470e-03,-1.53197680e-03,100.400040,469.4653
40,160,20,0,9.07294370e-02,2.87967590e-02,2.61701000e-03,7.13736020e-04,100.269530,476.7377
40,160,20,20,9.06090060e-02,2.85953810e-02,3.50446380e-03,2.97198490e-03,100.690910,496.1279
40,160,20,40,9.04082520e-02,2.85168580e-02,4.44883860e-03,5.23677580e-03,101.793080,530.3392
40,160,40,-20,9.08235520e-02,2.91287380e-02,4.32762260e-03,-2.53753960e-03,100.798740,499.2291
40,160,40,0,9.07657160e-02,2.88173390e-02,5.11874390e-03,-3.03322830e-04,100.826710,505.5544
40,160,40,20,9.06305440e-02,2.86244270e-02,5.99119440e-03,1.94763920e-03,101.373920,527.7467
40,200,-40,-20,8.98453890e-02,3.23023370e-02,-5.53888760e-03,1.47602090e-03,129.169700,517.9546
40,200,-40,0,9.00039620e-02,3.20551700e-02,-4.68698940e-03,3.52356910e-03,128.840550,528.3921
40,200,-40,20,9.00772370e-02,3.19021290e-02,-3.77855510e-03,5.56883590e-03,129.146740,550.8492
40,200,-20,-40,9.05200890e-02,3.25397720e-02,-3.84173330e-03,-1.24549060e-03,129.162160,493.7666
40,200,-20,-20,9.06018720e-02,3.21734930e-02,-3.13683650e-03,7.47969180e-04,128.257420,492.9600
40,200,-20,0,9.06283220e-02,3.19042160e-02,-2.34498430e-03,2.75244620e-03,127.883370,502.3287
40,200,-20,20,9.05911200e-02,3.17326600e-02,-1.49079060e-03,4.76991610e-03,128.149260,523.7119
40,200,-20,40,9.04961050e-02,3.16573150e-02,-5.83885310e-04,6.78947640e-03,129.128740,559.1219
40,200,0,-40,9.12328410e-02,3.24472070e-02,-1.36871380e-03,-2.06686720e-03,128.573560,487.7714
40,200,0,-20,9.11999000e-02,3.20922240e-02,-7.18841620e-04,-7.78134530e-05,127.737650,487.0629
40,200,0,0,9.11502080e-02,3.18266220e-02,3.63689580e-05,1.91246750e-03,127.409030,494.4524
40,200,0,20,9.10501480e-02,3.16529490e-02,8.60768690e-04,3.91476350e-03,127.701950,512.4347
40,200,0,40,9.08905550e-02,3.15716960e-02,1.73415580e-03,5.92558870e-03,128.689510,545.6803
40,200,20,-40,9.16141740e-02,3.23793330e-02,9.86373120e-04,-2.97820660e-03,128.360670,498.4467
40,200,20,-20,9.15484750e-02,3.20464940e-02,1.62410890e-03,-9.84471620e-04,127.672560,497.5039
40,200,20,0,9.14634650e-02,3.17994400e-02,2.36356850e-03,1.01062090e-03,127.445140,506.3665
40,200,20,20,9.13440880e-02,3.16366080e-02,3.18039980e-03,3.00939240e-03,127.795740,524.9082
40,200,20,40,9.11589790e-02,3.15559590e-02,4.03654920e-03,5.01455600e-03,128.809100,555.3471
40,200,40,-20,9.16599490e-02,3.20511980e-02,3.87852160e-03,-1.91588260e-03,128.065910,521.2058
40,200,40,0,9.15511080e-02,3.18173860e-02,4.60317400e-03,7.75619290e-05,127.984830,531.4502
40,200,40,20,9.14080890e-02,3.16603890e-02,5.39978760e-03,2.07123910e-03,128.419640,552.0393
80,40,-40,-20,1.18702140e-01,2.55055330e-02,-2.29361820e-03,-1.00061890e-03,21.028528,714.6320
80,40,-40,0,1.18843090e-01,2.66753420e-02,-2.27517030e-03,1.43230230e-03,21.159789,723.0205
80,40,-40,20,1.18292110e-01,2.78258830e-02,-2.28345530e-03,3.97342770e-03,21.235299,742.5060
80,40,-20,-40,1.19090160e-01,2.30564010e-02,1.25784710e-04,-3.53749240e-03,20.978855,722.3757
80,40,-20,-20,1.20029290e-01,2.44506800e-02,2.65360660e-04,-1.11081800e-03,21.276496,716.0758
80,40,-20,0,1.20190640e-01,2.57155540e-02,3.48557410e-04,1.31570580e-03,21.416715,721.2027
80,40,-20,20,1.19655280e-01,2.68918540e-02,3.67116950e-04,3.82983050e-03,21.460152,734.3917
80,40,-20,40,1.18917630e-01,2.82038130e-02,3.57069920e-04,6.28563830e-03,21.406010,766.2356
80,40,0,-40,1.19782080e-01,2.19667780e-02,2.55708250e-03,-3.64445540e-03,21.238600,738.5822
80,40,0,-20,1.20742340e-01,2.34123560e-02,2.69718170e-03,-1.18403540e-03,21.561434,730.6739
80,40,0,0,1.21002240e-01,2.47392550e-02,2.81663350e-03,1.24238070e-03,21.738382,732.5177
80,40,0,20,1.20618000e-01,2.60006300e-02,2.86730530e-03,3.69487730e-03,21.740776,744.2658
80,40,0,40,1.19890300e-01,2.73014460e-02,2.86358000e-03,6.11464800e-03,21.485088,775.4363
80,40,20,-40,1.19932230e-01,2.09202600e-02,4.93117040e-03,-3.76819490e-03,21.536504,763.7273
80,40,20,-20,1.20925820e-01,2.23616370e-02,5.04080340e-03,-1.25942320e-03,21.820777,755.3865
80,40,20,0,1.21299110e-01,2.37177130e-02,5.15235320e-03,1.18371510e-03,21.982423,755.7676
80,40,20,20,1.21059230e-01,2.50528350e-02,5.22022780e-03,3.59328120e-03,21.878265,765.9915
80,40,20,40,1.20354360e-01,2.63669410e-02,5.24759260e-03,5.98415970e-03,21.545796,797.1309
80,40,40,-20,1.20589570e-01,2.13523080e-02,7.39436040e-03,-1.36665800e-03,22.015092,788.6467
80,40,40,0,1.21051050e-01,2.26994290e-02,7.47806090e-03,1.10696110e-03,22.100451,791.6596
80,40,40,20,1.20908760e-01,2.40292800e-02,7.54033870e-03,3.50571480e-03,21.920850,802.7922
80,80,-40,-20,1.17509240e-01,4.48012760e-02,-2.29831470e-03,8.64475050e-04,45.103049,763.8403
80,80,-40,0,1.17956980e-01,4.53537180e-02,-2.09497610e-03,2.86881650e-03,45.990645,776.4889
80,80,-40,20,1.18084240e-01,4.60161120e-02,-1.91267160e-03,4.84279690e-03,46.916044,798.5563
80,80,-20,-40,1.17990340e-01,4.31616110e-02,-2.74614440e-04,-1.31549070e-03,44.026951,755.8122
80,80,-20,-20,1.18677470e-01,4.34906690e-02,-1.15433680e-04,7.70985880e-04,45.263759,753.8823
80,80,-20,0,1.19109190e-01,4.39827800e-02,5.22577840e-05,2.77146920e-03,46.297826,765.2276
80,80,-20,20,1.19216220e-01,4.46342540e-02,2.05681300e-04,4.72575060e-03,47.290831,786.9642
80,80,-20,40,1.18974470e-01,4.53548180e-02,3.27643050e-04,6.66745650e-03,48.149414,815.8025
80,80,0,-40,1.18758740e-01,4.17723320e-02,1.85640990e-03,-1.48235810e-03,43.985368,762.2656
80,80,0,-20,1.19470570e-01,4.21439520e-02,1.99399130e-03,6.31809850e-04,45.342336,759.1562
80,80,0,0,1.19880430e-01,4.26202390e-02,2.12054310e-03,2.65629900e-03,46.513663,767.5863
80,80,0,20,1.19978880e-01,4.32182650e-02,2.24008500e-03,4.60781120e-03,47.603564,785.4767
80,80,0,40,1.19716610e-01,4.39171900e-02,2.33721430e-03,6.52994270e-03,48.507911,813.6665
80,80,20,-40,1.19066550e-01,4.03564360e-02,3.94366810e-03,-1.70127110e-03,43.922276,780.0020
80,80,20,-20,1.19846060e-01,4.07532220e-02,4.05440560e-03,4.40840930e-04,45.308159,777.0957
80,80,20,0,1.20274800e-01,4.12237640e-02,4.14136530e-03,2.49719940e-03,46.585463,784.2462
80,80,20,20,1.20363530e-01,4.17856940e-02,4.22064890e-03,4.47106000e-03,47.755556,799.8591
80,80,20,40,1.20083530e-01,4.24491800e-02,4.30010740e-03,6.39946130e-03,48.762329,823.6181
80,80,40,-20,1.19773500e-01,3.93533610e-02,6.11855560e-03,1.90766870e-04,45.165352,804.4510
80,80,40,0,1.20243760e-01,3.98151770e-02,6.17520470e-03,2.28734790e-03,46.488358,810.3007
80,80,40,20,1.20338910e-01,4.03726370e-02,6.22980640e-03,4.30646170e-03,47.717779,825.1712
80,120,-40,-20,1.17697000e-01,5.76608180e-02,-2.19818010e-03,1.81864690e-03,75.447191,823.1565
80,120,-40,0,1.18160840e-01,5.78055090e-02,-1.96524770e-03,3.50733860e-03,76.033600,832.7200
80,120,-40,20,1.18321490e-01,5.80135810e-02,-1.76865470e-03,5.16097670e-03,76.451809,848.6961
80,120,-20,-40,1.17865170e-01,5.64613750e-02,-6.29762310e-04,3.71906950e-05,74.153510,809.8716
80,120,-20,-20,1.18590120e-01,5.64531090e-02,-4.11434460e-04,1.75592580e-03,74.980216,813.7699
80,120,-20,0,1.19025960e-01,5.65373600e-02,-2.16588080e-04,3.43627110e-03,75.594933,823.9801
80,120,-20,20,1.19163330e-01,5.66977840e-02,-5.10452030e-05,5.07684270e-03,76.055000,839.7932
80,120,-20,40,1.19018660e-01,5.68846040e-02,7.94535050e-05,6.67870560e-03,76.361304,860.8281
80,120,0,-40,1.18521130e-01,5.53088600e-02,1.17373950e-03,-7.31251390e-05,73.453183,811.0030
80,120,0,-20,1.19218180e-01,5.52253180e-02,1.34674480e-03,1.64718440e-03,74.319386,814.0186
80,120,0,0,1.19632380e-01,5.52498590e-02,1.50443860e-03,3.33227330e-03,74.998357,823.7410
80,120,0,20,1.19757080e-01,5.53618800e-02,1.64276930e-03,4.97336770e-03,75.474393,838.0557
80,120,0,40,1.19601350e-01,5.55136200e-02,1.75649150e-03,6.56910110e-03,75.811097,857.4944
80,120,20,-40,1.18844240e-01,5.40799810e-02,2.94148910e-03,-2.56276490e-04,72.771515,820.5029
80,120,20,-20,1.19547740e-01,5.39645720e-02,3.08720460e-03,1.48307250e-03,73.611999,822.3693
80,120,20,0,1.19964060e-01,5.39403650e-02,3.21789240e-03,3.18594190e-03,74.331995,831.1168
80,120,20,20,1.20089230e-01,5.40120160e-02,3.33670210e-03,4.84236410e-03,74.848223,845.8886
80,120,20,40,1.19927920e-01,5.41404920e-02,3.44013750e-03,6.44791230e-03,75.191551,865.8882
80,120,40,-20,1.19551400e-01,5.27033330e-02,4.84523540e-03,1.26708660e-03,72.900663,838.5152
80,120,40,0,1.19985240e-01,5.26656090e-02,4.96143510e-03,2.99914370e-03,73.596227,847.1074
80,120,40,20,1.20119170e-01,5.27024610e-02,5.06564440e-03,4.68382450e-03,74.166022,862.1212
80,160,-40,-20,1.18009170e-01,6.64719650e-02,-2.15889920e-03,2.41058110e-03,104.752300,876.3857
80,160,-40,0,1.18364440e-01,6.63847980e-02,-1.96397700e-03,3.84175550e-03,105.855280,884.2321
80,160,-40,20,1.18463260e-01,6.63158260e-02,-1.80322490e-03,5.23276260e-03,106.749710,895.5546
80,160,-20,-40,1.18118820e-01,6.56107200e-02,-8.71788060e-04,8.88833790e-04,103.432960,862.5353
80,160,-20,-20,1.18718610e-01,6.54310030e-02,-6.71793950e-04,2.34628420e-03,104.755810,866.9224
80,160,-20,0,1.19056670e-01,6.52994660e-02,-5.01432650e-04,3.76916000e-03,105.887530,875.0938
80,160,-20,20,1.19143780e-01,6.51937660e-02,-3.58448200e-04,5.15419880e-03,106.797220,885.9343
80,160,-20,40,1.19001680e-01,6.50961610e-02,-2.40251290e-04,6.50598830e-03,107.480110,899.7421
80,160,0,-40,1.18630320e-01,6.46416310e-02,6.35521900e-04,8.05813620e-04,103.179050,859.4951
80,160,0,-20,1.19219870e-01,6.44069030e-02,8.11784140e-04,2.25677880e-03,104.581610,864.4135
80,160,0,0,1.19552280e-01,6.42210000e-02,9.62117890e-04,3.67522500e-03,105.756870,872.8219
80,160,0,20,1.19637460e-01,6.40673310e-02,1.08866020e-03,5.05918930e-03,106.693160,883.9195
80,160,0,40,1.19490620e-01,6.39455220e-02,1.19720090e-03,6.41355610e-03,107.400900,897.9830
80,160,20,-40,1.18902680e-01,6.36428770e-02,2.13715750e-03,6.72290680e-04,102.724440,862.7875
80,160,20,-20,1.19497680e-01,6.33611180e-02,2.29711760e-03,2.12669610e-03,104.190440,867.7227
80,160,20,0,1.19837310e-01,6.31302480e-02,2.43437120e-03,3.54922420e-03,105.428750,876.2078
80,160,20,20,1.19931040e-01,6.29361980e-02,2.55104350e-03,4.94008170e-03,106.412170,887.7736
80,160,20,40,1.19786400e-01,6.27870410e-02,2.65292860e-03,6.30596880e-03,107.162370,902.7612
80,160,40,-20,1.19530740e-01,6.23102620e-02,3.80140720e-03,1.95484420e-03,103.616370,876.7258
80,160,40,0,1.19885450e-01,6.20406070e-02,3.92847200e-03,3.39006210e-03,104.899840,885.1674
80,160,40,20,1.19995220e-01,6.18136150e-02,4.04010750e-03,4.79605280e-03,105.922130,896.6840
80,200,-40,-20,1.18133390e-01,7.28763200e-02,-2.07234320e-03,2.67229190e-03,138.011250,916.0544
80,200,-40,0,1.18401460e-01,7.26498530e-02,-1.91950490e-03,3.87692900e-03,138.453180,920.9042
80,200,-40,20,1.18468690e-01,7.24271830e-02,-1.79394040e-03,5.05880430e-03,138.735470,927.9623
80,200,-20,-40,1.18254890e-01,7.22891950e-02,-9.74707940e-04,1.39932220e-03,136.735200,905.4393
80,200,-20,-20,1.18734450e-01,7.20195080e-02,-8.02964560e-04,2.62046780e-03,137.386100,908.7935
80,200,-20,0,1.18994770e-01,7.17612850e-02,-6.60329380e-04,3.81503430e-03,137.868240,914.2259
80,200,-20,20,1.19054510e-01,7.15157610e-02,-5.39899030e-04,4.99183570e-03,138.184060,920.8136
80,200,-20,40,1.18929850e-01,7.12860740e-02,-4.35021090e-04,6.16195600e-03,138.336100,929.8432
80,200,0,-40,1.18700750e-01,7.14837680e-02,3.13355040e-04,1.34033350e-03,135.836600,902.9370
80,200,0,-20,1.19174250e-01,7.11689330e-02,4.69444860e-04,2.55147670e-03,136.563890,906.5128
80,200,0,0,1.19430920e-01,7.08738070e-02,6.02218210e-04,3.74074320e-03,137.103390,912.0138
80,200,0,20,1.19485610e-01,7.06025090e-02,7.17179340e-04,4.91673560e-03,137.464690,919.3566
80,200,0,40,1.19354500e-01,7.03606270e-02,8.20384290e-04,6.08954760e-03,137.646680,929.3612
80,200,20,-40,1.18965240e-01,7.06647630e-02,1.60710360e-03,1.24702060e-03,134.744810,904.8866
80,200,20,-20,1.19443100e-01,7.03072190e-02,1.75196530e-03,2.45458630e-03,135.552300,908.5874
80,200,20,0,1.19701620e-01,6.99762570e-02,1.87507210e-03,3.64500020e-03,136.171130,914.2496
80,200,20,20,1.19757150e-01,6.96795710e-02,1.98426450e-03,4.82642140e-03,136.590820,922.1006
80,200,20,40,1.19623870e-01,6.94235170e-02,2.08647950e-03,6.00793960e-03,136.821690,932.9834
80,200,40,-20,1.19512320e-01,6.94271620e-02,3.04379380e-03,2.32469350e-03,134.405720,914.3255
80,200,40,0,1.19784840e-01,6.90705720e-02,3.16416780e-03,3.52189160e-03,135.083840,919.7961
80,200,40,20,1.19851020e-01,6.87539010e-02,3.27300660e-03,4.71583960e-03,135.566930,927.9556
120,80,-40,-20,1.28895410e-01,4.86850040e-02,-5.92566390e-04,1.41003300e-03,35.390489,921.8069
120,80,-40,0,1.28869080e-01,4.93716280e-02,-5.23764670e-04,2.83969940e-03,35.989669,929.3095
120,80,-40,20,1.28523760e-01,4.99934410e-02,-4.74198370e-04,4.31806330e-03,36.496613,939.3978
120,80,-20,-40,1.29364330e-01,4.68398410e-02,8.65322600e-04,-3.83280520e-05,34.619829,914.8928
120,80,-20,-20,1.29577260e-01,4.76041080e-02,9.41199590e-04,1.39595320e-03,35.259445,918.7986
120,80,-20,0,1.29500760e-01,4.83227850e-02,1.00628330e-03,2.82735490e-03,35.834686,925.7072
120,80,-20,20,1.29121830e-01,4.89795730e-02,1.05419560e-03,4.29422370e-03,36.250171,934.8094
120,80,-20,40,1.28424710e-01,4.95383320e-02,1.06103670e-03,5.83620000e-03,36.649766,946.3012
120,80,0,-40,1.29842110e-01,4.56172280e-02,2.36517590e-03,-7.79211380e-05,34.595760,917.7421
120,80,0,-20,1.30015530e-01,4.64085010e-02,2.42395470e-03,1.36908640e-03,35.180188,920.1710
120,80,0,0,1.29902150e-01,4.71523360e-02,2.47840280e-03,2.80547340e-03,35.691670,925.6062
120,80,0,20,1.29504840e-01,4.78336480e-02,2.51903460e-03,4.26681900e-03,36.074789,933.0664
120,80,0,40,1.28854650e-01,4.84172220e-02,2.52753390e-03,5.76608450e-03,36.385123,944.1326
120,80,20,-40,1.30080260e-01,4.43224760e-02,3.84426360e-03,-1.40754160e-04,34.578194,924.4051
120,80,20,-20,1.30236860e-01,4.51266890e-02,3.88247050e-03,1.32467630e-03,35.135816,925.7477
120,80,20,0,1.30106320e-01,4.58830550e-02,3.92089890e-03,2.77157820e-03,35.561208,930.7535
120,80,20,20,1.29710680e-01,4.65901970e-02,3.95297270e-03,4.22739610e-03,35.880881,938.6292
120,80,20,40,1.29093370e-01,4.72124000e-02,3.96199730e-03,5.70240300e-03,36.127648,950.4145
120,80,40,-20,1.30245040e-01,4.37846510e-02,5.33810680e-03,1.26011560e-03,35.056009,936.7493
120,80,40,0,1.30113870e-01,4.45562240e-02,5.35755520e-03,2.72419280e-03,35.399948,941.6397
120,80,40,20,1.29728210e-01,4.52925300e-02,5.37799690e-03,4.18165780e-03,35.634637,949.8551
120,120,-40,-20,1.24469270e-01,6.56571390e-02,-1.22430200e-03,2.45162060e-03,56.006969,963.1634
120,120,-40,0,1.24304090e-01,6.57414840e-02,-1.21791740e-03,3.75625120e-03,56.602566,966.2347
120,120,-40,20,1.23976370e-01,6.57855760e-02,-1.23742250e-03,5.04089730e-03,57.099036,969.1726
120,120,-20,-40,1.25152800e-01,6.45321460e-02,5.24011810e-05,1.14194360e-03,55.373763,959.6678
120,120,-20,-20,1.25248940e-01,6.46872850e-02,1.03389510e-04,2.40675100e-03,56.086930,961.0173
120,120,-20,0,1.25085520e-01,6.47782840e-02,1.15144770e-04,3.68844090e-03,56.676692,963.7414
120,120,-20,20,1.24756390e-01,6.48015270e-02,9.73638340e-05,4.95621430e-03,57.196149,967.3712
120,120,-20,40,1.24308410e-01,6.47719180e-02,6.53299230e-05,6.20532450e-03,57.549369,973.4233
120,120,0,-40,1.25699450e-01,6.34416770e-02,1.32801990e-03,1.11122340e-03,55.355283,959.6580
120,120,0,-20,1.25811390e-01,6.36244600e-02,1.38222260e-03,2.35998690e-03,56.059027,962.3150
120,120,0,0,1.25671520e-01,6.37336550e-02,1.40445460e-03,3.61995650e-03,56.670703,965.7567
120,120,0,20,1.25355680e-01,6.37580430e-02,1.39904300e-03,4.87527280e-03,57.209363,969.5077
120,120,0,40,1.24909650e-01,6.37234750e-02,1.37762720e-03,6.12202130e-03,57.622621,973.6565
120,120,20,-40,1.26060270e-01,6.22447460e-02,2.59016000e-03,1.06011300e-03,55.312998,962.4005
120,120,20,-20,1.26179580e-01,6.24674870e-02,2.64201060e-03,2.30908000e-03,55.994822,966.5502
120,120,20,0,1.26068100e-01,6.26036990e-02,2.67174170e-03,3.55680900e-03,56.593958,971.0804
120,120,20,20,1.25778070e-01,6.26451840e-02,2.68006240e-03,4.80317310e-03,57.138217,975.8636
120,120,20,40,1.25347080e-01,6.26243020e-02,2.67357090e-03,6.04532370e-03,57.580233,981.6752
120,120,40,-20,1.26358900e-01,6.12237170e-02,3.90148580e-03,2.24647370e-03,55.861707,972.1963
120,120,40,0,1.26276520e-01,6.13875170e-02,3.93498480e-03,3.49409120e-03,56.446096,977.6408
120,120,40,20,1.26018970e-01,6.14516650e-02,3.95428500e-03,4.73702220e-03,56.989984,984.0143
120,160,-40,-20,1.20209710e-01,7.79769170e-02,-1.89442520e-03,2.88445280e-03,78.596713,993.3577
120,160,-40,0,1.20259130e-01,7.77569410e-02,-1.87868870e-03,3.91853870e-03,78.570033,994.8961
120,160,-40,20,1.20170650e-01,7.75280560e-02,-1.87174260e-03,4.95163520e-03,78.428168,998.1191
120,160,-20,-40,1.20798800e-01,7.74380110e-02,-7.74569190e-04,1.80595580e-03,78.076859,993.5833
120,160,-20,-20,1.20960470e-01,7.72380960e-02,-7.46186190e-04,2.84172520e-03,78.210561,992.9165
120,160,-20,0,1.20985200e-01,7.70011000e-02,-7.34820430e-04,3.86828320e-03,78.244999,993.9119
120,160,-20,20,1.20875290e-01,7.67566400e-02,-7.29778970e-04,4.90019800e-03,78.146871,996.2115
120,160,-20,40,1.20648150e-01,7.65052700e-02,-7.25081020e-04,5.94149330e-03,77.926130,1000.6808
120,160,0,-40,1.21401660e-01,7.66286660e-02,3.35397780e-04,1.77272150e-03,77.639352,994.7762
120,160,0,-20,1.21554460e-01,7.64304630e-02,3.67596360e-04,2.79472840e-03,77.782506,994.0896
120,160,0,0,1.21567110e-01,7.61920400e-02,3.84110350e-04,3.81584640e-03,77.864829,994.5206
120,160,0,20,1.21449900e-01,7.59340440e-02,3.94835420e-04,4.84905650e-03,77.792469,997.0503
120,160,0,40,1.21213640e-01,7.56699830e-02,4.07505670e-04,5.89481990e-03,77.602211,1001.9643
120,160,20,-40,1.21838670e-01,7.57251140e-02,1.41482950e-03,1.73102150e-03,77.151761,997.0637
120,160,20,-20,1.21996510e-01,7.55387430e-02,1.45341450e-03,2.74583870e-03,77.329874,996.3462
120,160,20,0,1.22015990e-01,7.53071760e-02,1.48290830e-03,3.76472140e-03,77.445705,997.5306
120,160,20,20,1.21900020e-01,7.50493520e-02,1.50623560e-03,4.79970130e-03,77.411409,1000.0360
120,160,20,40,1.21658720e-01,7.47785730e-02,1.52873280e-03,5.85347890e-03,77.245489,1005.8114
120,160,40,-20,1.22294510e-01,7.45577020e-02,2.53304370e-03,2.69418000e-03,76.832768,1000.6676
120,160,40,0,1.22324410e-01,7.43409300e-02,2.57252570e-03,3.71817730e-03,76.983210,1001.9255
120,160,40,20,1.22221520e-01,7.40876230e-02,2.60998310e-03,4.75698580e-03,76.995826,1005.2668
120,200,-40,-20,1.16636490e-01,8.72602940e-02,-2.36080260e-03,2.91269960e-03,100.223290,1023.8427
120,200,-40,0,1.16789850e-01,8.69432910e-02,-2.32500610e-03,3.78814710e-03,100.782360,1025.6633
120,200,-40,20,1.16854460e-01,8.65816460e-02,-2.29694950e-03,4.67490680e-03,101.251570,1027.6494
120,200,-20,-40,1.17047740e-01,8.69882630e-02,-1.43281310e-03,2.03050480e-03,99.078119,1024.0962
120,200,-20,-20,1.17274100e-01,8.67040430e-02,-1.39030040e-03,2.89613920e-03,99.731905,1023.5998
120,200,-20,0,1.17399270e-01,8.63907300e-02,-1.35732090e-03,3.76448630e-03,100.328210,1024.8186
120,200,-20,20,1.17435550e-01,8.60361710e-02,-1.32952190e-03,4.64849830e-03,100.841010,1026.7740
120,200,-20,40,1.17393850e-01,8.56407380e-02,-1.30386410e-03,5.54997660e-03,101.278630,1029.9716
120,200,0,-40,1.17600630e-01,8.63888360e-02,-4.86427040e-04,2.01690870e-03,98.461502,1025.8130
120,200,0,-20,1.17811800e-01,8.61002630e-02,-4.43099770e-04,2.87440980e-03,99.134942,1025.8867
120,200,0,0,1.17917090e-01,8.57872260e-02,-4.07018850e-04,3.73961020e-03,99.743527,1027.1755
120,200,0,20,1.17933050e-01,8.54403680e-02,-3.74965980e-04,4.62145450e-03,100.287430,1029.2404
120,200,0,40,1.17870860e-01,8.50499290e-02,-3.44335100e-04,5.52409680e-03,100.757450,1032.7512
120,200,20,-40,1.18037240e-01,8.57326250e-02,4.38563950e-04,1.99551290e-03,97.795153,1027.9351
120,200,20,-20,1.18240510e-01,8.54383930e-02,4.84163280e-04,2.85077830e-03,98.459091,1028.3213
120,200,20,0,1.18338390e-01,8.51217800e-02,5.24869980e-04,3.71395010e-03,99.062048,1029.4451
120,200,20,20,1.18344330e-01,8.47732320e-02,5.63828920e-04,4.59673850e-03,99.632647,1032.0813
120,200,20,40,1.18270250e-01,8.43846600e-02,6.03582820e-04,5.50161800e-03,100.132590,1035.8997
120,200,40,-20,1.18560900e-01,8.47106010e-02,1.40298890e-03,2.82239090e-03,97.734180,1030.4694
120,200,40,0,1.18660960e-01,8.43856290e-02,1.44975340e-03,3.68767180e-03,98.348000,1031.7528
120,200,40,20,1.18663280e-01,8.40336840e-02,1.49764420e-03,4.57453540e-03,98.919290,1034.5032
160,120,-40,-20,1.30990840e-01,6.35607100e-02,-4.57089500e-04,2.31244840e-03,44.792324,1030.6825
160,120,-40,0,1.30872830e-01,6.37821120e-02,-4.46105690e-04,3.20018740e-03,44.823298,1034.0419
160,120,-40,20,1.30621160e-01,6.39605490e-02,-4.41796770e-04,4.13051790e-03,44.806296,1038.6472
160,120,-20,-40,1.31489400e-01,6.24035960e-02,4.99537500e-04,1.42274770e-03,44.578582,1027.3274
160,120,-20,-20,1.31483020e-01,6.26964880e-02,5.22150410e-04,2.29499610e-03,44.642061,1029.6317
160,120,-20,0,1.31351210e-01,6.29430920e-02,5.43174260e-04,3.18255530e-03,44.679227,1033.2109
160,120,-20,20,1.31090050e-01,6.31351250e-02,5.62538250e-04,4.11282040e-03,44.693565,1037.2616
160,120,-20,40,1.30693790e-01,6.32640280e-02,5.79856160e-04,5.10797280e-03,44.666978,1042.3376
160,120,0,-40,1.31866490e-01,6.14630440e-02,1.46853610e-03,1.39981640e-03,44.424842,1027.3016
160,120,0,-20,1.31846350e-01,6.17794070e-02,1.49085020e-03,2.27992790e-03,44.509984,1029.8790
160,120,0,0,1.31701770e-01,6.20532430e-02,1.51910410e-03,3.17466870e-03,44.555307,1033.5225
160,120,0,20,1.31429320e-01,6.22684030e-02,1.55282400e-03,4.11099450e-03,44.567073,1037.4796
160,120,0,40,1.31038620e-01,6.24039950e-02,1.58419760e-03,5.10348850e-03,44.559272,1041.6649
160,120,20,-40,1.32122880e-01,6.04686630e-02,2.44093370e-03,1.36982040e-03,44.288964,1028.4473
160,120,20,-20,1.32090260e-01,6.08136060e-02,2.46234510e-03,2.26425290e-03,44.378245,1031.0538
160,120,20,0,1.31927940e-01,6.11185270e-02,2.49751510e-03,3.17538130e-03,44.411316,1034.7524
160,120,20,20,1.31653090e-01,6.13524760e-02,2.53910340e-03,4.11864760e-03,44.447606,1039.1966
160,120,20,40,1.31268150e-01,6.15042610e-02,2.58092730e-03,5.11011710e-03,44.485703,1043.8954
160,120,40,-20,1.32212340e-01,5.98004720e-02,3.45062660e-03,2.25078010e-03,44.220436,1033.0656
160,120,40,0,1.32049570e-01,6.01222810e-02,3.48570170e-03,3.17768800e-03,44.294278,1037.2095
160,120,40,20,1.31773010e-01,6.03748950e-02,3.53262240e-03,4.13275360e-03,44.369597,1042.1632
160,160,-40,-20,1.25462420e-01,7.75141690e-02,-1.14695370e-03,2.65492260e-03,61.070319,1062.0533
160,160,-40,0,1.25416970e-01,7.74630740e-02,-1.13545090e-03,3.46104510e-03,61.262235,1064.2059
160,160,-40,20,1.25248890e-01,7.73837890e-02,-1.14601020e-03,4.31594920e-03,61.434617,1066.9454
160,160,-20,-40,1.25920560e-01,7.68312740e-02,-3.28677470e-04,1.87378600e-03,60.840413,1059.4034
160,160,-20,-20,1.25985400e-01,7.68005800e-02,-2.95153190e-04,2.64665380e-03,61.041449,1060.6033
160,160,-20,0,1.25947390e-01,7.67479460e-02,-2.72121250e-04,3.44021040e-03,61.238191,1062.4898
160,160,-20,20,1.25798130e-01,7.66702320e-02,-2.62132480e-04,4.27646220e-03,61.405687,1064.5736
160,160,-20,40,1.25529160e-01,7.65565680e-02,-2.70482830e-04,5.17598070e-03,61.581827,1067.7257
160,160,0,-40,1.26351010e-01,7.60631280e-02,5.01230940e-04,1.87331100e-03,60.776906,1059.0384
160,160,0,-20,1.26411110e-01,7.60329610e-02,5.37657540e-04,2.64400770e-03,60.974629,1060.1299
160,160,0,0,1.26377680e-01,7.59783080e-02,5.70097530e-04,3.43227770e-03,61.178632,1061.9111
160,160,0,20,1.26239070e-01,7.59016980e-02,5.98759940e-04,4.25990070e-03,61.367602,1063.6362
160,160,0,40,1.25992910e-01,7.57907540e-02,6.16787160e-04,5.14220240e-03,61.534623,1067.0881
160,160,20,-40,1.26692400e-01,7.52316110e-02,1.33015110e-03,1.86824970e-03,60.674595,1058.7978
160,160,20,-20,1.26750540e-01,7.52026130e-02,1.36707270e-03,2.64185380e-03,60.887259,1059.7938
160,160,20,0,1.26717140e-01,7.51485510e-02,1.40796050e-03,3.43388760e-03,61.088866,1061.5604
160,160,20,20,1.26585350e-01,7.50697410e-02,1.45083270e-03,4.26031470e-03,61.275229,1063.7618
160,160,20,40,1.26353520e-01,7.49581280e-02,1.48947830e-03,5.13400290e-03,61.481780,1067.7245
160,160,40,-20,1.27007920e-01,7.43055580e-02,2.21276440e-03,2.64072220e-03,60.776600,1060.0041
160,160,40,0,1.26975520e-01,7.42506170e-02,2.25966640e-03,3.44108590e-03,60.967382,1061.5409
160,160,40,20,1.26846850e-01,7.41707690e-02,2.31160220e-03,4.27259950e-03,61.158607,1064.1064
